name,category,feeds,homepage,tier,enabled,notes
中国新闻网,官方媒体,https://www.chinanews.com.cn/rss/china.xml;https://www.chinanews.com.cn/rss/finance.xml;https://www.chinanews.com.cn/rss/world.xml,https://www.chinanews.com.cn,direct,1,国内/财经/国际 官方RSS 实测实时更新
界面新闻,市场化财经,https://a.jiemian.com/index.php?m=article&a=rss,https://www.jiemian.com,direct,1,市场化财经 官方RSS 实测实时更新
CGTN,官方英文媒体,https://www.cgtn.com/subscribe/rss/section/china.xml;https://www.cgtn.com/subscribe/rss/section/world.xml;https://www.cgtn.com/subscribe/rss/section/business.xml,https://www.cgtn.com,direct,1,央视英文台 中国/世界/财经 实测更新
人民网,官方媒体,https://news.google.com/rss/search?q=site%3Apeople.com.cn%20%E7%9F%B3%E6%B2%B9%20OR%20%E5%8E%9F%E6%B2%B9%20OR%20%E8%83%BD%E6%BA%90%20OR%20%E7%BB%8F%E6%B5%8E%20when%3A3d&hl=zh-Hans&gl=CN&ceid=CN%3Azh-Hans,http://www.people.com.cn,gn,1,官方RSS已停更 改GN站内检索
新华网,通讯社,https://news.google.com/rss/search?q=site%3Anews.cn%20%E7%9F%B3%E6%B2%B9%20OR%20%E5%8E%9F%E6%B2%B9%20OR%20%E8%83%BD%E6%BA%90%20OR%20%E7%BB%8F%E6%B5%8E%20when%3A3d&hl=zh-Hans&gl=CN&ceid=CN%3Azh-Hans,http://www.news.cn,gn,1,官方RSS已停更 改GN站内检索
新浪财经,门户财经,https://news.google.com/rss/search?q=site%3Afinance.sina.com.cn%20%E5%8E%9F%E6%B2%B9%20OR%20%E7%9F%B3%E6%B2%B9%20OR%20%E6%B2%B9%E4%BB%B7%20OR%20%E5%A4%A7%E5%AE%97%E5%95%86%E5%93%81%20when%3A3d&hl=zh-Hans&gl=CN&ceid=CN%3Azh-Hans,https://finance.sina.com.cn,gn,1,官方RSS已停更 改GN站内检索
华尔街见闻,市场化财经,https://news.google.com/rss/search?q=site%3Awallstreetcn.com%20%E5%8E%9F%E6%B2%B9%20OR%20%E7%9F%B3%E6%B2%B9%20OR%20%E6%B2%B9%E4%BB%B7%20OR%20%E6%AC%A7%E4%BD%A9%E5%85%8B%20when%3A3d&hl=zh-Hans&gl=CN&ceid=CN%3Azh-Hans,https://wallstreetcn.com,gn,1,无稳定官方RSS GN备份
第一财经,市场化财经,https://news.google.com/rss/search?q=site%3Ayicai.com%20%E7%9F%B3%E6%B2%B9%20OR%20%E5%8E%9F%E6%B2%B9%20OR%20%E6%B2%B9%E4%BB%B7%20OR%20%E6%AC%A7%E4%BD%A9%E5%85%8B%20when%3A3d&hl=zh-Hans&gl=CN&ceid=CN%3Azh-Hans,https://www.yicai.com,gn,1,GN备份
财新网,市场化财经,https://news.google.com/rss/search?q=site%3Acaixin.com%20%E7%9F%B3%E6%B2%B9%20OR%20%E5%8E%9F%E6%B2%B9%20OR%20%E6%B2%B9%E4%BB%B7%20OR%20%E8%83%BD%E6%BA%90%20when%3A3d&hl=zh-Hans&gl=CN&ceid=CN%3Azh-Hans,https://www.caixin.com,gn,1,GN备份
澎湃新闻,市场化媒体,https://news.google.com/rss/search?q=site%3Athepaper.cn%20%E7%9F%B3%E6%B2%B9%20OR%20%E5%8E%9F%E6%B2%B9%20OR%20%E6%B2%B9%E4%BB%B7%20OR%20%E4%B8%AD%E4%B8%9C%20OR%20%E5%88%B6%E8%A3%81%20when%3A3d&hl=zh-Hans&gl=CN&ceid=CN%3Azh-Hans,https://www.thepaper.cn,gn,1,GN备份
观察者网,市场化媒体,https://news.google.com/rss/search?q=site%3Aguancha.cn%20%E7%9F%B3%E6%B2%B9%20OR%20%E5%8E%9F%E6%B2%B9%20OR%20%E6%88%98%E4%BA%89%20OR%20%E5%88%B6%E8%A3%81%20OR%20%E4%B8%AD%E4%B8%9C%20OR%20%E4%BF%84%E7%BD%97%E6%96%AF%20when%3A3d&hl=zh-Hans&gl=CN&ceid=CN%3Azh-Hans,https://www.guancha.cn,gn,1,GN备份
每日经济新闻,市场化财经,https://news.google.com/rss/search?q=site%3Anbd.com.cn%20%E7%9F%B3%E6%B2%B9%20OR%20%E5%8E%9F%E6%B2%B9%20OR%20%E6%B2%B9%E4%BB%B7%20when%3A3d&hl=zh-Hans&gl=CN&ceid=CN%3Azh-Hans,https://www.nbd.com.cn,gn,1,GN备份
证券时报,市场化财经,https://news.google.com/rss/search?q=site%3Astcn.com%20%E7%9F%B3%E6%B2%B9%20OR%20%E5%8E%9F%E6%B2%B9%20OR%20%E6%B2%B9%E4%BB%B7%20OR%20%E5%A4%A7%E5%AE%97%E5%95%86%E5%93%81%20when%3A3d&hl=zh-Hans&gl=CN&ceid=CN%3Azh-Hans,https://www.stcn.com,gn,1,GN备份
中国政府网,政府机构,https://news.google.com/rss/search?q=site%3Agov.cn%20%E8%83%BD%E6%BA%90%20OR%20%E7%9F%B3%E6%B2%B9%20OR%20%E6%88%90%E5%93%81%E6%B2%B9%20OR%20%E5%85%B3%E7%A8%8E%20when%3A7d&hl=zh-Hans&gl=CN&ceid=CN%3Azh-Hans,https://www.gov.cn,gn,1,国务院政策 GN备份
国家发改委,政府机构,https://news.google.com/rss/search?q=site%3Andrc.gov.cn%20%E7%9F%B3%E6%B2%B9%20OR%20%E8%83%BD%E6%BA%90%20OR%20%E6%88%90%E5%93%81%E6%B2%B9%20OR%20%E4%BB%B7%E6%A0%BC%20when%3A7d&hl=zh-Hans&gl=CN&ceid=CN%3Azh-Hans,https://www.ndrc.gov.cn,gn,1,能源定价/油气政策 GN备份
国家能源局,政府机构,https://news.google.com/rss/search?q=site%3Anea.gov.cn%20when%3A7d&hl=zh-Hans&gl=CN&ceid=CN%3Azh-Hans,http://www.nea.gov.cn,gn,1,能源行业主管 GN备份
中国人民银行,政府机构,https://news.google.com/rss/search?q=site%3Apbc.gov.cn%20%E5%88%A9%E7%8E%87%20OR%20%E6%B1%87%E7%8E%87%20OR%20%E4%BA%BA%E6%B0%91%E5%B8%81%20OR%20%E8%B4%A7%E5%B8%81%E6%94%BF%E7%AD%96%20when%3A7d&hl=zh-Hans&gl=CN&ceid=CN%3Azh-Hans,http://www.pbc.gov.cn,gn,1,货币政策/汇率 GN备份
商务部,政府机构,https://news.google.com/rss/search?q=site%3Amofcom.gov.cn%20%E7%9F%B3%E6%B2%B9%20OR%20%E5%8E%9F%E6%B2%B9%20OR%20%E8%B4%B8%E6%98%93%20OR%20%E5%87%BA%E5%8F%A3%E7%AE%A1%E5%88%B6%20OR%20%E5%88%B6%E8%A3%81%20when%3A7d&hl=zh-Hans&gl=CN&ceid=CN%3Azh-Hans,https://www.mofcom.gov.cn,gn,1,贸易管制/能源贸易 GN备份
外交部,政府机构,https://news.google.com/rss/search?q=site%3Afmprc.gov.cn%20%E7%9F%B3%E6%B2%B9%20OR%20%E5%88%B6%E8%A3%81%20OR%20%E4%B8%AD%E4%B8%9C%20OR%20%E4%BF%84%E7%BD%97%E6%96%AF%20OR%20%E4%BC%8A%E6%9C%97%20OR%20%E8%83%BD%E6%BA%90%20when%3A7d&hl=zh-Hans&gl=CN&ceid=CN%3Azh-Hans,https://www.fmprc.gov.cn,gn,1,外交表态 GN备份
海关总署,政府机构,https://news.google.com/rss/search?q=site%3Acustoms.gov.cn%20%E5%8E%9F%E6%B2%B9%20OR%20%E8%BF%9B%E5%87%BA%E5%8F%A3%20OR%20%E5%A4%A7%E5%AE%97%E5%95%86%E5%93%81%20when%3A7d&hl=zh-Hans&gl=CN&ceid=CN%3Azh-Hans,http://www.customs.gov.cn,gn,1,原油进口数据 GN备份
国家统计局,政府机构,https://news.google.com/rss/search?q=site%3Astats.gov.cn%20PMI%20OR%20%E5%B7%A5%E4%B8%9A%20OR%20%E8%83%BD%E6%BA%90%20OR%20CPI%20OR%20PPI%20when%3A7d&hl=zh-Hans&gl=CN&ceid=CN%3Azh-Hans,http://www.stats.gov.cn,gn,1,宏观数据 GN备份
